n_points,ann_time_s,hybrid_extra_time_s,hybrid_total_time_s,refprop_time_s,ann_points_per_s,hybrid_points_per_s,refprop_points_per_s,ann_speedup_vs_refprop,hybrid_speedup_vs_refprop,hybrid_slowdown_vs_ann,routed_point_events,refprop_error_count
1000,0.007137000000000171,0.003470199999995316,0.010607199999995487,0.07293529999999748,140114.8942132515,94275.58639418748,13710.782021874655,10.21932184391141,6.876018176335745,1.486226705898169,121,0
10000,0.03676799999999503,0.00537850000000617,0.0421465000000012,0.7396526999999935,271975.6309835007,237267.62601876113,13519.858712068633,20.116750979114816,17.549564020736536,1.1462820931246436,1304,0
50000,0.19133930000000987,0.010332199999993463,0.20167150000000333,3.6739662999999894,261315.89276221572,247927.94222286824,13609.270177573524,19.201315673255834,18.21757809110325,1.0539993613439211,6676,0
100000,0.4032490000000024,0.01814319999999725,0.42139219999999966,7.352702899999997,247985.73586047182,237308.61653348134,13600.44073044214,18.233654392199245,17.448597529807156,1.0449925480286304,13274,0
