{
  "base": {
    "overall": {
      "mape": 0.16549954076930473,
      "median": 0.07150204909308769,
      "p95": 0.5544438524284112,
      "p99": 1.425128073306309,
      "max": 46.1013924995393,
      "mean_r2": 0.994115674466213,
      "mean_nrmse_range": 0.0011437238722441226,
      "within_1pct": 98.14586296327282,
      "within_5pct": 99.88566329233944
    },
    "per_target": {
      "Density (kg/m^3)": {
        "mape": 0.3630728397217379,
        "median": 0.26707991900778394,
        "p95": 1.0346733303752822,
        "p99": 1.7969297995544746,
        "max": 18.381577254791022,
        "mae": 0.09714278146510485,
        "rmse": 0.2915079764159866,
        "nrmse_range": 0.0016308365765310422,
        "r2": 0.9999726764619508,
        "within_1pct": 94.6192029894866,
        "within_5pct": 99.9609581973842
      },
      "Entropy (kJ/(kg·K))": {
        "mape": 0.20238445036021388,
        "median": 0.09432343145178237,
        "p95": 0.5379353604463831,
        "p99": 2.785056662352733,
        "max": 15.529984420114983,
        "mae": 0.017837795344252623,
        "rmse": 0.030381610435600625,
        "nrmse_range": 0.0007685191738787447,
        "r2": 0.9999912396122552,
        "within_1pct": 96.78183998438328,
        "within_5pct": 99.71415823084861
      },
      "Enthalpy (kJ/kg)": {
        "mape": 0.29938107448394397,
        "median": 0.14562218361737062,
        "p95": 0.8998730088027483,
        "p99": 3.475716837896628,
        "max": 33.97118755953614,
        "mae": 0.6712801179369318,
        "rmse": 1.5369413261827607,
        "nrmse_range": 0.0009736382799714019,
        "r2": 0.9999875108018291,
        "within_1pct": 95.46975654647369,
        "within_5pct": 99.43807691235115
      },
      "Speed of Sound (m/s)": {
        "mape": 0.09302941422515185,
        "median": 0.06181752947768239,
        "p95": 0.277864147006351,
        "p99": 0.46965203155391555,
        "max": 5.066293096245305,
        "mae": 0.415255277935954,
        "rmse": 0.7722502716597275,
        "nrmse_range": 0.0008157976324911427,
        "r2": 0.9999917069352712,
        "within_1pct": 99.84104408934995,
        "within_5pct": 99.99860564990658
      },
      "Cv (kJ/(kg·K))": {
        "mape": 0.0261833600509714,
        "median": 0.013330915172258356,
        "p95": 0.07825213718153652,
        "p99": 0.21514245334605275,
        "max": 4.0036047106475205,
        "mae": 0.000724314231757045,
        "rmse": 0.001924590068041087,
        "nrmse_range": 0.0007822488736631962,
        "r2": 0.9999771354988936,
        "within_1pct": 99.90797289383418,
        "within_5pct": 100.0
      },
      "Cp (kJ/(kg·K))": {
        "mape": 0.05852914663291994,
        "median": 0.03890456447513305,
        "p95": 0.1339798468036688,
        "p99": 0.3516648237128038,
        "max": 46.1013924995393,
        "mae": 0.006773078091842082,
        "rmse": 0.48458872920521157,
        "nrmse_range": 0.002108966550631939,
        "r2": 0.9530348169564274,
        "within_1pct": 99.75877743383809,
        "within_5pct": 99.97769039850526
      },
      "Viscosity (μPa·s)": {
        "mape": 0.1585182597587097,
        "median": 0.09461623843837637,
        "p95": 0.5259705954579776,
        "p99": 1.0031093732108647,
        "max": 3.8245469278824005,
        "mae": 0.012766635157731526,
        "rmse": 0.024252260988065714,
        "nrmse_range": 0.0012453708162332283,
        "r2": 0.9999791253032826,
        "within_1pct": 98.98073008170891,
        "within_5pct": 100.0
      },
      "Thermal Conductivity (mW/(m·K))": {
        "mape": 0.1228977809207895,
        "median": 0.08811051888941208,
        "p95": 0.333428838085443,
        "p99": 0.5812018233023648,
        "max": 6.3446593445330945,
        "mae": 0.0664078700482246,
        "rmse": 0.12688024725771394,
        "nrmse_range": 0.0008244130745522862,
        "r2": 0.9999911841597942,
        "within_1pct": 99.80757968710783,
        "within_5pct": 99.99581694971974
      }
    }
  },
  "hybrid": {
    "overall": {
      "mape": 0.13065211874252647,
      "median": 0.06484562055109429,
      "p95": 0.46056403558417375,
      "p99": 0.9414324568953982,
      "max": 4.651398824088986,
      "mean_r2": 0.9999845154267982,
      "mean_nrmse_range": 0.0008580079859569828,
      "within_1pct": 99.16147271256868,
      "within_5pct": 100.0
    },
    "per_target": {
      "Density (kg/m^3)": {
        "mape": 0.3178158556032392,
        "median": 0.2402382573788221,
        "p95": 0.8979543496546188,
        "p99": 1.5061429213772783,
        "max": 4.199025745914695,
        "mae": 0.08772134438704939,
        "rmse": 0.2549189609243222,
        "nrmse_range": 0.0014261399315311258,
        "r2": 0.9999791050985073,
        "within_1pct": 96.29660615187261,
        "within_5pct": 100.0
      },
      "Entropy (kJ/(kg·K))": {
        "mape": 0.11330914512061514,
        "median": 0.07536186998013955,
        "p95": 0.307145100511743,
        "p99": 0.6740108261995597,
        "max": 3.819154853431719,
        "mae": 0.0174171160687873,
        "rmse": 0.030182894885787112,
        "nrmse_range": 0.0007634925571856219,
        "r2": 0.999991353834785,
        "within_1pct": 99.48827351571433,
        "within_5pct": 100.0
      },
      "Enthalpy (kJ/kg)": {
        "mape": 0.17355207270997225,
        "median": 0.12200308282434906,
        "p95": 0.4784331398444866,
        "p99": 1.1083441158038312,
        "max": 4.651398824088986,
        "mae": 0.6678642502473421,
        "rmse": 1.5367147248717996,
        "nrmse_range": 0.0009734947301124158,
        "r2": 0.999987514484286,
        "within_1pct": 98.81201372040492,
        "within_5pct": 100.0
      },
      "Speed of Sound (m/s)": {
        "mape": 0.0903443975298232,
        "median": 0.061182183195977236,
        "p95": 0.2725414967143439,
        "p99": 0.4323784230757724,
        "max": 1.8481927076385936,
        "mae": 0.4118535023917367,
        "rmse": 0.7687975638065244,
        "nrmse_range": 0.0008121502256909186,
        "r2": 0.9999917809255848,
        "within_1pct": 99.92470509495524,
        "within_5pct": 100.0
      },
      "Cv (kJ/(kg·K))": {
        "mape": 0.0261833600509714,
        "median": 0.013330915172258356,
        "p95": 0.07825213718153652,
        "p99": 0.21514245334605275,
        "max": 4.0036047106475205,
        "mae": 0.000724314231757045,
        "rmse": 0.001924590068041087,
        "nrmse_range": 0.0007822488736631962,
        "r2": 0.9999771354988936,
        "within_1pct": 99.90797289383418,
        "within_5pct": 100.0
      },
      "Cp (kJ/(kg·K))": {
        "mape": 0.052352517330520605,
        "median": 0.03871540838494106,
        "p95": 0.12888611303497374,
        "p99": 0.29388825542251495,
        "max": 3.380745354393253,
        "mae": 0.002699549789539484,
        "rmse": 0.010322923853615582,
        "nrmse_range": 4.492614004395561e-05,
        "r2": 0.9999786874777792,
        "within_1pct": 99.88287459215259,
        "within_5pct": 100.0
      },
      "Viscosity (μPa·s)": {
        "mape": 0.1514463903591952,
        "median": 0.09019201337097153,
        "p95": 0.510159646496224,
        "p99": 0.9801953126299744,
        "max": 3.8245469278824005,
        "mae": 0.01252968834107721,
        "rmse": 0.02415226237705211,
        "nrmse_range": 0.001240235816577671,
        "r2": 0.9999792970923902,
        "within_1pct": 99.09924983964974,
        "within_5pct": 100.0
      },
      "Thermal Conductivity (mW/(m·K))": {
        "mape": 0.12021321123587506,
        "median": 0.0870885376932482,
        "p95": 0.3280519184905501,
        "p99": 0.5498060937131651,
        "max": 1.9223273516329333,
        "mae": 0.06595900062707222,
        "rmse": 0.12641277057206132,
        "nrmse_range": 0.0008213756128509579,
        "r2": 0.99999124900216,
        "within_1pct": 99.88008589196575,
        "within_5pct": 100.0
      }
    }
  },